gameId,gamename,game_released,game_genres
669,Grand Theft Auto V,17-09-2013,"['Action', 'Shooter']"
689,Portal 2,19-04-2011,"['Shooter', 'Puzzle']"
824,The Witcher 3: Wild Hunt,18-05-2015,['RPG']
946,The Elder Scrolls V: Skyrim,11-11-2011,"['Action', 'RPG']"
131,Left 4 Dead 2,17-11-2009,"['Action', 'Shooter']"
659,Borderlands 2,18-09-2012,"['Action', 'Shooter', 'RPG']"
868,BioShock Infinite,26-03-2013,"['Action', 'Shooter']"
79,Portal,09-10-2007,"['Action', 'Adventure', 'Puzzle']"
518,Life is Strange,29-01-2015,['Adventure']
548,Counter-Strike: Global Offensive,21-08-2012,"['Action', 'Shooter']"
214,Tomb Raider (2013),05-03-2013,"['Action', 'Adventure']"
401,Limbo,21-07-2010,"['Action', 'Adventure', 'Indie', 'Puzzle', 'Platformer']"
822,Half-Life 2,16-11-2004,"['Action', 'Shooter']"
454,BioShock,21-08-2007,"['Action', 'Shooter']"
712,Team Fortress 2,10-10-2007,"['Action', 'Shooter']"
288,PAYDAY 2,13-08-2013,"['Action', 'Shooter']"
327,Fallout 4,09-11-2015,"['Action', 'RPG']"
410,DOOM (2016),13-05-2016,"['Action', 'Shooter']"
827,Grand Theft Auto IV,29-04-2008,"['Action', 'Adventure']"
422,Red Dead Redemption 2,26-10-2018,"['Action', 'Adventure', 'RPG']"
522,Dota 2,09-07-2013,"['RPG', 'Massively Multiplayer']"
835,The Walking Dead: Season 1,23-04-2012,"['Action', 'Adventure']"
185,God of War,20-04-2018,['Action']
579,Rocket League,07-07-2015,"['Action', 'Sports', 'Racing', 'Indie']"
859,Half-Life 2: Lost Coast,27-10-2005,['Action']
491,METAL GEAR SOLID V: THE PHANTOM PAIN,01-09-2015,"['Action', 'Shooter']"
144,Warframe,25-03-2013,"['Action', 'Shooter', 'Massively Multiplayer']"
880,Metro 2033,16-03-2010,"['Action', 'Shooter']"
878,Destiny 2,06-09-2017,"['Action', 'Shooter', 'Massively Multiplayer']"
400,Horizon Zero Dawn,28-02-2017,"['Action', 'Adventure', 'RPG']"
9,The Witcher 2: Assassins of Kings Enhanced Edition,16-04-2012,['RPG']
597,Middle-earth: Shadow of Mordor,30-09-2014,"['Action', 'RPG']"
109,Half-Life 2: Episode One,01-06-2006,"['Action', 'Shooter']"
74,Spec Ops: The Line,26-06-2012,"['Action', 'Shooter']"
564,Terraria,15-05-2011,"['Action', 'Indie', 'Platformer']"
511,Half-Life 2: Episode Two,09-10-2007,['Shooter']
349,HITMAN,16-11-2017,"['Action', 'Shooter']"
685,Amnesia: The Dark Descent,07-09-2010,"['Action', 'Adventure', 'Indie']"
331,Half-Life 2: Deathmatch,01-11-2004,['Action']
941,Rise of the Tomb Raider,10-11-2015,"['Action', 'Platformer']"
220,BioShock 2,09-02-2010,"['Action', 'Shooter']"
433,Batman: Arkham Knight,23-06-2015,['Action']
919,Hotline Miami,22-10-2012,"['Action', 'Shooter', 'Arcade', 'Indie']"
830,Mirror's Edge,11-11-2008,"['Action', 'Platformer']"
562,Super Meat Boy,20-10-2010,"['Action', 'Indie', 'Platformer']"
972,Uncharted 4: A Thief���,10-05-2016,"['Action', 'Shooter', 'Adventure']"
519,Sid Meier's Civilization V,21-09-2010,['Strategy']
629,Outlast,03-09-2013,"['Action', 'Adventure', 'Indie']"
51,Saints Row: The Third,14-11-2011,"['Action', 'Shooter']"
977,The Witcher: Enhanced Edition Director's Cut,16-09-2008,"['Action', 'RPG']"
680,Borderlands,20-10-2009,"['Action', 'Shooter', 'RPG']"
858,Deus Ex: Mankind Divided,23-08-2016,"['Action', 'RPG']"
68,L.A. Noire,17-05-2011,"['Action', 'Adventure']"
111,Alan Wake,14-05-2010,"['Action', 'Shooter', 'Adventure']"
560,Grand Theft Auto: San Andreas,26-10-2004,['Action']
448,Wolfenstein: The New Order,19-05-2014,"['Action', 'Shooter']"
392,Mass Effect 2,26-01-2010,"['Action', 'RPG']"
800,The Last Of Us Remastered,29-07-2014,"['Action', 'Shooter', 'Adventure']"
575,Half-Life Deathmatch: Source,01-05-2006,['Action']
676,Half-Life,10-11-1998,"['Action', 'Shooter']"
492,Bastion,20-07-2011,"['Action', 'RPG', 'Indie']"
227,Far Cry 3,28-11-2012,"['Action', 'Shooter']"
326,Dead Space,13-10-2008,"['Action', 'Shooter']"
883,XCOM: Enemy Unknown,09-10-2012,['Strategy']
804,Marvel's Spider-Man,07-09-2018,['Action']
782,Dark Souls III,11-04-2016,"['Action', 'RPG']"
212,For Honor,13-02-2017,"['Action', 'Massively Multiplayer']"
553,Brutal Legend,12-10-2009,"['Action', 'Strategy']"
211,Bloodborne,24-03-2015,"['Action', 'RPG']"
559,Garry's Mod,24-12-2004,['Indie']
644,Hitman: Absolution,19-11-2012,"['Action', 'Shooter']"
864,Mass Effect,16-11-2007,"['Action', 'RPG']"
209,Path of Exile,23-10-2013,"['Action', 'RPG', 'Massively Multiplayer', 'Indie']"
729,METAL GEAR SOLID V: GROUND ZEROES,18-03-2014,"['Action', 'Shooter']"
884,Counter-Strike: Source,01-11-2004,['Shooter']
848,Borderlands: The Pre-Sequel,13-10-2014,"['Action', 'Shooter', 'RPG']"
226,Assassin���������,29-10-2013,['Action']
607,Prey (2017),05-05-2017,"['Action', 'Shooter', 'RPG']"
788,Mad Max,01-09-2015,['Action']
472,Company of Heroes 2,25-06-2013,"['Strategy', 'Simulation']"
624,The Darkness II,07-02-2012,['Action']
801,Grand Theft Auto: Vice City,27-10-2002,"['Action', 'Shooter']"
299,Transistor,20-05-2014,"['Action', 'RPG', 'Indie']"
740,Dishonored,25-09-2012,"['Action', 'Shooter', 'Adventure', 'RPG']"
593,Brothers - A Tale of Two Sons,07-08-2013,"['Adventure', 'Indie', 'Puzzle']"
243,Just Cause 2,23-03-2010,"['Action', 'Shooter']"
316,Just Cause 3,30-11-2015,"['Action', 'Shooter']"
173,Fallout: New Vegas,19-10-2010,"['Action', 'Shooter', 'RPG']"
766,Darksiders,27-01-2010,['Action']
784,MORTAL KOMBAT X,07-04-2015,"['Action', 'Fighting']"
246,Don't Starve Together,21-04-2016,"['Action', 'Simulation', 'Indie']"
709,Counter-Strike,01-11-2000,"['Action', 'Shooter']"
747,GRID 2,27-05-2013,"['Sports', 'Racing']"
920,BioShock Remastered,15-09-2016,['Shooter']
939,Max Payne 3,15-05-2012,"['Action', 'Shooter']"
583,Psychonauts,01-04-2005,"['Action', 'Platformer']"
378,Fallout: A Post Nuclear Role Playing Game,30-09-1997,['RPG']
99,Left 4 Dead,17-11-2008,"['Action', 'Shooter']"
872,Layers of Fear,15-02-2016,"['Adventure', 'Simulation', 'Indie']"
894,Trine 2: Complete Story,05-06-2013,"['Action', 'Indie', 'Puzzle', 'Platformer']"
970,Batman: Arkham City - Game of the Year Edition,07-09-2012,"['Action', 'Adventure']"
272,FEZ,13-04-2012,"['Action', 'Adventure', 'Indie', 'Puzzle', 'Platformer']"
568,Mafia II,24-08-2010,"['Action', 'Shooter']"
284,Viscera Cleanup Detail: Shadow Warrior,26-09-2013,"['Action', 'Simulation', 'Indie']"
687,Batman: Arkham Asylum Game of the Year Edition,26-03-2010,"['Action', 'Adventure', 'Platformer']"
43,Hellblade: Senua's Sacrifice,07-08-2017,"['Action', 'Adventure', 'Indie']"
254,Detroit: Become Human,25-05-2018,"['Action', 'Adventure']"
565,Red Dead Redemption,18-05-2010,"['Action', 'Shooter']"
730,Insurgency,22-01-2014,"['Action', 'Shooter', 'Indie']"
455,The Elder Scrolls V: Skyrim Special Edition,27-10-2016,"['Action', 'RPG']"
16,Uncharted 3: Drake's Deception,01-11-2011,"['Action', 'Shooter', 'Adventure']"
640,Heavy Rain,23-02-2010,"['Action', 'Adventure']"
462,Hollow Knight,23-02-2017,"['Action', 'Indie', 'Platformer']"
646,Saints Row IV,20-08-2013,"['Action', 'Shooter']"
459,PlayerUnknown������,20-12-2017,"['Action', 'Shooter', 'Massively Multiplayer']"
821,Watch Dogs,27-05-2014,['Action']
4,Saints Row 2,14-10-2008,"['Action', 'Shooter']"
106,Stardew Valley,25-02-2016,"['RPG', 'Simulation', 'Indie']"
443,The Bureau: XCOM Declassified,20-08-2013,"['Action', 'Shooter']"
623,Dishonored 2,10-11-2016,"['Action', 'RPG']"
517,Crusader Kings II,14-02-2012,"['Strategy', 'Simulation']"
70,The Stanley Parable,17-10-2013,"['Adventure', 'Indie']"
320,The Wolf Among Us,10-10-2013,['Adventure']
716,Batman: Arkham Origins,16-10-2013,"['Action', 'Adventure']"
146,Firewatch,08-02-2016,"['Simulation', 'Indie']"
512,Assassin's Creed II,17-11-2009,['Action']
711,Journey,13-03-2012,"['Adventure', 'Family', 'Indie']"
222,Killing Floor,14-05-2009,['Action']
354,Dead Island,06-09-2011,"['Action', 'Shooter', 'RPG']"
271,Metro 2033 Redux,25-08-2014,"['Action', 'Shooter']"
45,Paladins,15-09-2016,"['Action', 'Shooter']"
807,Magicka,25-01-2011,"['Action', 'RPG']"
588,Chivalry: Medieval Warfare,16-10-2012,"['Action', 'Indie']"
506,Shadowrun Returns,24-07-2013,"['RPG', 'Strategy', 'Indie']"
135,INSIDE,28-06-2016,"['Action', 'Adventure', 'RPG', 'Indie', 'Puzzle', 'Platformer']"
663,Assassin�����,30-10-2012,['Action']
808,Amnesia: A Machine for Pigs,09-09-2013,"['Action', 'Adventure', 'Indie']"
838,Darksiders Warmastered Edition,29-11-2016,"['Action', 'RPG']"
960,Call of Duty: Modern Warfare 2,10-11-2009,"['Action', 'Shooter']"
164,BioShock 2 Remastered,15-09-2016,"['Action', 'RPG']"
171,SEGA Mega Drive and Genesis Classics,01-06-2010,"['Action', 'RPG']"
329,Deus Ex: Human Revolution - Director's Cut,22-10-2013,"['Action', 'Shooter', 'RPG']"
57,Resident Evil 5,03-03-2009,"['Action', 'Shooter']"
513,NieR:Automata,17-03-2017,"['Action', 'RPG']"
763,Metro: Last Light Redux,25-08-2014,"['Action', 'Shooter']"
757,Counter-Strike: Condition Zero,01-03-2004,['Action']
818,Homefront,14-03-2011,"['Action', 'Shooter']"
528,The Binding of Isaac,28-09-2011,"['Action', 'RPG', 'Indie']"
942,Rayman Legends,29-08-2013,['Platformer']
578,Monster Hunter: World,26-01-2018,"['Action', 'RPG']"
201,DiRT Rally,07-12-2015,"['Simulation', 'Sports', 'Racing']"
15,Dragon Age: Origins,03-11-2009,['RPG']
247,Call of Duty: Black Ops III,05-11-2015,"['Action', 'Shooter', 'Massively Multiplayer']"
315,Guacamelee! Super Turbo Championship Edition,01-07-2014,"['Action', 'Indie', 'Platformer']"
630,Deus Ex: Human Revolution,22-08-2011,"['Action', 'Shooter', 'RPG']"
255,Cities: Skylines,10-03-2015,"['Strategy', 'Simulation']"
558,Unturned,07-07-2014,"['Action', 'Shooter']"
3,The Last Of Us,14-06-2013,"['Action', 'Shooter', 'Adventure']"
340,DmC: Devil May Cry,15-01-2013,['Action']
488,Sniper Elite V2,01-05-2012,"['Action', 'Shooter']"
358,Grand Theft Auto III,22-10-2001,['Action']
938,FTL: Faster Than Light,14-09-2012,"['Strategy', 'Simulation', 'Indie']"
714,Call of Duty: Black Ops,08-11-2010,"['Action', 'Shooter']"
424,South Park: The Stick of Truth,04-03-2014,['RPG']
648,SOMA,21-09-2015,"['Action', 'Adventure', 'Indie']"
495,Grim Fandango Remastered,26-01-2015,"['Adventure', 'Puzzle']"
502,Don't Starve,22-04-2013,['Indie']
347,Castle Crashers,27-08-2008,"['Action', 'Indie']"
310,Torchlight II,20-09-2012,"['Action', 'RPG']"
286,Quake Champions,22-08-2017,['Massively Multiplayer']
213,Undertale,14-09-2015,"['RPG', 'Indie']"
157,PAYDAY The Heist,18-10-2011,"['Action', 'Shooter']"
594,Alan Wake's American Nightmare,22-02-2012,"['Action', 'Shooter']"
831,inFAMOUS Second Son,21-03-2014,['Action']
425,Dead Space 2,25-01-2011,"['Action', 'Shooter']"
473,Dark Souls: Prepare To Die Edition,23-08-2012,"['Action', 'RPG']"
602,Thief,25-02-2014,"['Action', 'Adventure']"
501,Half-Life: Opposing Force,01-11-1999,['Action']
224,Half-Life: Blue Shift,01-06-2001,['Action']
362,Batman: Arkham City,18-10-2011,"['Action', 'Adventure', 'Platformer']"
543,STAR WARS - Knights of the Old Republic,15-07-2003,"['Action', 'RPG']"
180,Tom Clancy's Rainbow Six Siege,01-12-2015,"['Action', 'Shooter']"
55,Company of Heroes,11-09-2006,['Strategy']
149,Broforce,15-10-2015,"['Action', 'Indie', 'Platformer']"
882,Assassin's Creed Origins,27-10-2017,"['Action', 'RPG']"
276,Battlefield 1,21-10-2016,"['Action', 'Shooter']"
361,Mafia III,06-10-2016,"['Action', 'Shooter']"
532,Injustice: Gods Among Us Ultimate Edition,12-11-2013,"['Action', 'Arcade', 'Fighting']"
199,Fallout 3,28-10-2008,"['Shooter', 'RPG']"
136,"Warhammer 40,000: Space Marine",05-09-2011,"['Action', 'Shooter']"
166,Far Cry 4,18-11-2014,['Shooter']
746,"Papers, Please",08-08-2013,"['Simulation', 'Indie', 'Puzzle']"
381,Wolfenstein 2: The New Colossus,27-10-2017,"['Action', 'Shooter']"
318,Alien: Isolation,06-10-2014,['Action']
386,Sleeping Dogs,14-08-2012,"['Action', 'Shooter']"
204,Oddworld: Abe's Oddysee,31-08-1997,"['Action', 'Platformer']"
178,Far Cry 5,27-03-2018,"['Action', 'Shooter']"
566,War Thunder,15-08-2013,"['Action', 'Shooter', 'Simulation', 'Massively Multiplayer']"
643,Titanfall 2,28-10-2016,"['Action', 'Shooter']"
929,A Story About My Uncle,27-05-2014,"['Adventure', 'Arcade', 'Casual', 'Indie', 'Platformer']"
776,Mark of the Ninja,07-09-2012,"['Action', 'Indie', 'Platformer']"
419,XCOM 2,04-02-2016,"['RPG', 'Strategy']"
406,Darksiders II,14-08-2012,"['Action', 'RPG']"
817,Death Stranding,08-11-2019,"['Action', 'Shooter', 'Adventure']"
843,Red Orchestra 2: Heroes of Stalingrad with Rising Storm,13-09-2011,['Action']
314,Sid Meier's Civilization III Complete,29-10-2001,"['Strategy', 'Simulation']"
958,The Walking Dead: Season 2,16-12-2013,['Adventure']
975,Call of Duty: Modern Warfare 3,07-11-2011,"['Action', 'Shooter']"
742,Guns of Icarus Online,30-09-2012,"['Action', 'Simulation', 'Indie']"
29,Until Dawn,25-08-2015,"['Action', 'Adventure']"
61,Goat Simulator,01-04-2014,"['Action', 'Simulation', 'Casual', 'Indie']"
460,Sanctum 2,15-05-2013,"['Action', 'Shooter', 'Strategy', 'Indie']"
387,Game of Thrones - A Telltale Games Series,02-12-2014,"['Action', 'Adventure']"
533,Age of Wonders III,31-03-2014,"['RPG', 'Strategy']"
346,Tom Clancy������,07-03-2016,"['Action', 'Shooter', 'RPG']"
695,Tropico 4,24-08-2011,"['Strategy', 'Simulation']"
373,Cuphead,29-09-2017,"['Action', 'Indie', 'Platformer']"
698,Jotun: Valhalla Edition,29-09-2015,"['Action', 'Indie']"
207,Ori and the Blind Forest,10-03-2015,['Platformer']
396,Assassin's Creed Odyssey,05-10-2018,"['Action', 'RPG']"
18,Grand Theft Auto: Episodes from Liberty City,10-04-2010,"['Action', 'Shooter']"
153,This War of Mine,13-11-2014,"['Adventure', 'Simulation', 'Indie']"
370,To the Moon,10-01-2011,"['Adventure', 'RPG', 'Indie']"
608,Assassin's Creed Unity,11-11-2014,['Action']
335,Braid,06-08-2008,"['Action', 'Arcade', 'Indie', 'Puzzle', 'Platformer']"
556,Sekiro: Shadows Die Twice,22-03-2019,"['Action', 'RPG']"
219,Shadow of the Tomb Raider,12-09-2018,"['Action', 'Adventure']"
300,Watch Dogs 2,28-11-2016,"['Action', 'Shooter']"
490,Lords of the Fallen,28-10-2014,"['Action', 'RPG']"
449,The Witness,25-01-2016,"['Adventure', 'Indie', 'Puzzle']"
756,Apex Legends,04-02-2019,"['Action', 'Shooter', 'Massively Multiplayer']"
93,Call of Duty: Black Ops II,12-11-2012,"['Action', 'Shooter']"
257,Team Fortress Classic,01-04-1999,['Action']
809,Jet Set Radio,29-06-2000,"['Action', 'Sports', 'Platformer']"
897,BEYOND: Two Souls,08-10-2013,"['Action', 'Adventure', 'Arcade']"
291,Quantum Break,05-04-2016,"['Action', 'Shooter']"
260,Overcooked,02-08-2016,"['Simulation', 'Arcade', 'Casual', 'Indie']"
457,What Remains of Edith Finch,23-04-2017,"['Adventure', 'Indie']"
333,Serious Sam Fusion 2017 (beta),20-03-2017,"['Action', 'Indie']"
436,Batman: Arkham Asylum,25-08-2009,"['Action', 'Adventure', 'Platformer']"
913,Resident Evil 6,02-10-2012,"['Action', 'Shooter']"
816,No Man's Sky,09-08-2016,"['Action', 'RPG', 'Simulation']"
717,The Playroom,,[]
580,Race Driver: Grid,03-06-2008,"['Action', 'Simulation', 'Sports', 'Racing', 'Casual']"
635,Hacknet,11-08-2015,"['Simulation', 'Indie']"
169,Brawlhalla,30-04-2014,"['Action', 'Fighting', 'Indie']"
52,Hotline Miami 2: Wrong Number,09-03-2015,"['Action', 'Shooter', 'Arcade', 'Indie']"
321,LEGO The Lord of the Rings,28-09-2012,"['Action', 'Casual', 'Family', 'Platformer']"
411,Ratchet & Clank (2016),12-04-2016,"['Action', 'Shooter', 'Adventure']"
232,Destiny,09-09-2014,"['Action', 'Shooter']"
719,Child of Light,29-04-2014,"['RPG', 'Indie']"
96,DiRT Showdown,24-05-2012,"['Action', 'Sports', 'Racing', 'Arcade']"
256,Trine Enchanted Edition,02-07-2009,"['Action', 'Arcade', 'Indie', 'Platformer']"
283,Divinity: Original Sin - Enhanced Edition,27-10-2015,"['RPG', 'Indie']"
442,Resident Evil 4,11-01-2005,"['Action', 'Shooter', 'Adventure']"
258,Titan Quest Anniversary Edition,31-08-2016,"['Action', 'RPG']"
487,Tales from the Borderlands,21-10-2015,['Adventure']
718,Killer is Dead - Nightmare Edition,23-05-2014,['Action']
12,Dust: An Elysian Tail,15-08-2012,"['Action', 'RPG', 'Indie', 'Platformer']"
653,Remember Me,04-06-2013,"['Action', 'Platformer']"
976,Bayonetta,29-10-2009,['Action']
280,Hitman: Blood Money,29-05-2006,"['Action', 'Shooter']"
375,Monaco: What's Yours Is Mine,24-04-2013,"['Action', 'Strategy', 'Casual', 'Indie']"
110,Half-Life: Source,01-06-2004,['Action']
613,Shadow Warrior (2013),25-09-2013,"['Action', 'Shooter']"
636,Ori and the Blind Forest: Definitive Edition,27-04-2016,"['Adventure', 'Platformer']"
969,Resident Evil 7: Biohazard,23-01-2017,"['Action', 'Shooter', 'Adventure']"
832,Battlefield 4,29-10-2013,"['Action', 'Shooter']"
313,Borderlands Game of the Year Enhanced,03-04-2019,"['Action', 'Shooter', 'RPG']"
741,Kingdom Come: Deliverance,13-02-2018,"['Action', 'Adventure', 'RPG']"
686,Orwell: Keeping an Eye On You,27-10-2016,"['Adventure', 'Simulation', 'Indie', 'Puzzle']"
724,Darkest Dungeon,18-01-2016,"['RPG', 'Strategy', 'Indie']"
88,Fallout Shelter,15-06-2015,"['RPG', 'Simulation']"
174,Endless Space - Emperor Edition,04-07-2012,['Strategy']
107,Hitman 2,13-11-2018,['Action']
210,FINAL FANTASY XV,29-11-2016,['RPG']
458,Burnout Paradise: The Ultimate Box,05-02-2009,"['Racing', 'Arcade']"
317,Murdered: Soul Suspect,03-06-2014,"['Action', 'Adventure', 'RPG']"
250,Serious Sam 3: BFE,22-11-2011,"['Action', 'Shooter', 'Indie']"
690,The Swapper,12-05-2013,"['Action', 'Adventure', 'Indie', 'Puzzle', 'Platformer']"
414,Sleeping Dogs: Definitive Edition,08-10-2014,"['Action', 'Shooter']"
225,Binary Domain,16-02-2012,"['Action', 'Shooter']"
267,Kingdom: Classic,21-09-2015,"['Strategy', 'Simulation', 'Indie']"
437,The Legend of Zelda: Breath of the Wild,02-03-2017,"['Action', 'Adventure', 'RPG']"
856,The Flame in the Flood,23-02-2016,"['Action', 'Simulation', 'Indie']"
774,Deus Ex: Game of the Year Edition,29-03-2007,"['Action', 'Shooter']"
584,Middle-earth: Shadow of War,27-09-2017,"['Action', 'RPG']"
764,Valiant Hearts: The Great War,24-06-2014,"['Adventure', 'RPG', 'Puzzle']"
825,STAR WARS Knights of the Old Republic II - The Sith Lords,06-12-2004,"['Adventure', 'RPG']"
192,BattleBlock Theater,03-04-2013,"['Action', 'Adventure', 'Casual', 'Indie', 'Platformer']"
336,Far Cry 3 - Blood Dragon,30-04-2013,['Shooter']
943,Assassin's Creed Syndicate,13-10-2015,['Action']
197,Broken Age,28-01-2014,"['Adventure', 'Casual', 'Family', 'Indie', 'Puzzle']"
844,Rust,09-02-2018,"['Action', 'Shooter', 'RPG', 'Massively Multiplayer', 'Indie']"
905,Rogue Legacy,26-06-2013,"['Action', 'RPG', 'Indie', 'Platformer']"
968,SUPERHOT,24-02-2016,"['Action', 'Shooter', 'Indie']"
753,METAL GEAR RISING: REVENGEANCE,19-02-2013,['Action']
792,Euro Truck Simulator 2,19-10-2012,"['Simulation', 'Indie']"
678,Dragon Age: Inquisition,18-11-2014,['RPG']
218,Crysis 2 - Maximum Edition,22-03-2011,['Action']
810,Medal of Honor,12-10-2010,"['Action', 'Shooter']"
945,Sins of a Solar Empire: Rebellion,12-06-2012,"['Strategy', 'Indie']"
706,The Binding of Isaac: Rebirth,04-11-2014,"['Action', 'RPG']"
464,Neverwinter,20-06-2013,"['Action', 'RPG', 'Massively Multiplayer']"
409,Wolfenstein: The Old Blood,04-05-2015,"['Action', 'Shooter']"
550,Shadow of the Colossus (2011),22-09-2011,['Action']
733,Satellite Reign,27-08-2015,"['Action', 'Strategy', 'Indie']"
773,HELL YEAH! Wrath of the Dead Rabbit,25-09-2012,"['Action', 'Platformer']"
710,Devil May Cry 5,08-03-2019,['Action']
787,Renegade Ops,13-09-2011,"['Action', 'Shooter']"
967,Outland,26-04-2011,"['Action', 'Adventure', 'Indie', 'Platformer']"
705,Deadlight,01-06-2012,"['Action', 'Indie', 'Platformer']"
581,The Evil Within,12-10-2014,"['Action', 'Shooter', 'Adventure']"
132,Dead Cells,07-08-2018,"['Action', 'RPG', 'Indie', 'Platformer']"
242,Deponia,27-01-2012,"['Adventure', 'RPG', 'Indie', 'Puzzle']"
338,LEGO The Hobbit,08-04-2014,"['Action', 'Adventure', 'Family']"
332,Spelunky,04-07-2012,"['Indie', 'Platformer']"
438,Stories: The Path of Destinies,11-04-2016,"['Action', 'RPG', 'Indie', 'Platformer']"
481,SMITE,19-08-2015,['Action']
980,Red Faction: Armageddon,07-06-2011,"['Action', 'Shooter']"
309,POSTAL 2,13-04-2003,"['Action', 'Shooter', 'Adventure', 'Indie']"
549,Alien Swarm,19-07-2010,['Action']
667,Gone Home,14-08-2013,"['Adventure', 'Indie']"
944,F.E.A.R. 3,25-03-2011,"['Action', 'Shooter']"
91,Dying Light: The Following - Enhanced Edition,26-01-2015,"['Action', 'RPG']"
935,F.E.A.R.,18-10-2005,"['Action', 'Shooter']"
873,Overlord,26-06-2007,"['Action', 'RPG']"
259,Pillars of Eternity,26-03-2015,['RPG']
754,Divinity: Original Sin 2,14-09-2017,"['RPG', 'Strategy']"
789,Red Faction Guerrilla,02-06-2009,"['Action', 'Shooter']"
273,Ryse: Son of Rome,22-11-2013,['Action']
963,Metro: Last Light,13-05-2013,"['Action', 'Shooter']"
829,Minecraft,10-05-2009,"['Action', 'Simulation', 'Arcade']"
978,Sid Meier�������,20-10-2016,"['Strategy', 'Simulation']"
469,Awesomenauts,01-05-2012,"['Action', 'Strategy', 'Indie', 'Platformer']"
836,World of Goo,13-10-2008,"['Strategy', 'Educational', 'Family', 'Indie', 'Puzzle']"
586,RAGE,03-10-2011,"['Action', 'Shooter', 'Racing']"
876,F.E.A.R. 2: Project Origin,10-02-2009,"['Action', 'Shooter']"
348,Battlefield 3,25-10-2011,"['Shooter', 'Massively Multiplayer']"
951,Divinity: Original Sin,30-06-2014,"['RPG', 'Strategy', 'Indie']"
846,STAR WARS Battlefront,17-11-2015,"['Action', 'Shooter']"
7,Killing Floor 2,18-11-2016,['Action']
796,Machinarium,16-10-2009,"['Adventure', 'Family', 'Indie', 'Puzzle']"
909,Lara Croft and the Temple of Osiris,08-12-2014,"['Action', 'Adventure', 'Puzzle']"
927,Far Cry 2,21-10-2008,"['Action', 'Shooter']"
112,Never Alone,18-11-2014,"['Action', 'Adventure', 'Arcade', 'Casual', 'Indie']"
677,Fallout 3: Game of the Year Edition,13-10-2009,"['Action', 'RPG']"
189,Heroes & Generals,18-10-2016,"['Action', 'Massively Multiplayer', 'Indie']"
826,Uncharted: The Lost Legacy,22-08-2017,"['Action', 'Shooter', 'Adventure']"
797,Viking: Battle for Asgard,25-03-2008,"['Action', 'Adventure', 'RPG', 'Fighting']"
540,Oxenfree,14-01-2016,"['Adventure', 'RPG', 'Indie']"
159,Call of Duty: Modern Warfare Remastered,05-10-2016,"['Action', 'Shooter']"
114,Assassin's Creed,13-11-2007,['Action']
637,Lara Croft and the Guardian of Light,05-08-2010,"['Action', 'Adventure']"
475,F1 2015,09-07-2015,"['Sports', 'Racing']"
738,The Talos Principle,11-12-2014,"['Adventure', 'Indie', 'Puzzle']"
892,Galactic Civilizations II: Ultimate Edition,02-12-2011,['Strategy']
791,Resident Evil Revelations 2 / Biohazard Revelations 2,24-02-2015,"['Action', 'Adventure']"
906,Deponia: The Complete Journey,03-06-2014,"['Adventure', 'RPG']"
389,Orcs Must Die! 2,30-07-2012,"['Action', 'Strategy', 'Indie']"
290,Star Wars Jedi: Fallen Order,15-11-2019,"['Action', 'Adventure']"
244,Fallout 2: A Post Nuclear Role Playing Game,30-09-1998,['RPG']
504,Hitman 2: Silent Assassin,30-09-2002,"['Action', 'Simulation']"
852,STAR WARS Battlefront 2 (2005),30-10-2005,"['Action', 'Shooter']"
573,The Elder Scrolls Online: Tamriel Unlimited,17-03-2015,"['Action', 'RPG', 'Massively Multiplayer']"
119,Dark Souls II: Scholar of the First Sin,01-04-2015,"['Action', 'RPG']"
794,ABZU,01-08-2016,"['Action', 'Adventure', 'Simulation', 'Casual', 'Indie']"
896,Uncharted 2: Among Thieves,13-10-2009,"['Action', 'Shooter', 'Adventure']"
208,Kholat,08-06-2015,"['Adventure', 'Indie']"
8,Halo: The Master Chief Collection,11-11-2014,"['Action', 'Adventure']"
651,Darksiders II Deathinitive Edition,05-11-2015,"['Action', 'RPG']"
115,Minion Masters,24-05-2019,"['Action', 'Strategy', 'Indie']"
30,Syberia,28-05-2002,"['Adventure', 'Puzzle']"
839,Max Payne,23-07-2001,"['Action', 'Shooter']"
193,Call of Duty: WWII,03-11-2017,"['Action', 'Shooter']"
535,Mass Effect 3,05-03-2012,"['Action', 'RPG']"
834,Day of Defeat: Source,12-07-2010,['Action']
683,The Order: 1886,13-01-2015,"['Action', 'Shooter']"
351,God of War III Remastered,14-07-2015,[]
328,Torchlight,26-10-2009,"['Action', 'RPG']"
72,Magicka 2,26-05-2015,"['Action', 'Adventure', 'RPG']"
661,Resident Evil 2,25-01-2019,"['Action', 'Shooter', 'Adventure']"
426,VVVVVV,09-01-2010,"['Action', 'Adventure', 'Arcade', 'Casual', 'Indie', 'Puzzle', 'Platformer']"
22,Persona 5,15-09-2016,"['Action', 'Adventure', 'RPG']"
665,Prison Architect,05-10-2015,"['Strategy', 'Simulation', 'Indie']"
301,Dying Light,27-01-2015,"['Action', 'Shooter']"
229,Subnautica,23-01-2018,"['Adventure', 'Indie']"
795,PlanetSide 2,20-11-2012,"['Action', 'Shooter', 'Massively Multiplayer']"
238,Sonic Mania,15-08-2017,"['Action', 'Adventure', 'Casual', 'Platformer']"
194,Thomas Was Alone,30-06-2012,"['Adventure', 'Family', 'Indie']"
682,S.T.A.L.K.E.R.: Shadow of Chernobyl,19-03-2007,"['Action', 'Shooter', 'RPG']"
480,Starbound,21-07-2016,"['Action', 'RPG', 'Casual', 'Indie']"
499,System Shock 2,10-08-1999,"['Action', 'Shooter', 'RPG']"
493,Alpha Protocol,08-04-2010,"['Action', 'Shooter', 'RPG']"
803,Mortal Kombat Komplete Edition,03-07-2013,"['Arcade', 'Fighting']"
128,The Long Dark,22-09-2014,"['Action', 'Adventure', 'Simulation', 'Indie']"
239,Race The Sun,17-08-2013,"['Action', 'Racing', 'Arcade', 'Indie']"
485,The Outer Worlds,25-10-2019,['RPG']
660,Titan Quest,26-06-2006,"['Action', 'RPG']"
398,Yakuza 0,12-03-2015,"['Action', 'RPG']"
151,Fortnite: Save The World,21-07-2017,"['Action', 'Shooter', 'Strategy']"
618,UNCHARTED: Drake's Fortune,19-11-2007,"['Action', 'Shooter', 'Adventure']"
704,Day of Defeat,01-05-2003,['Action']
567,Dragon's Dogma: Dark Arisen,23-04-2013,"['Action', 'Adventure', 'RPG']"
21,Call of Duty: World at War,05-11-2008,"['Action', 'Shooter']"
124,Evolve Stage 2,10-02-2015,['Action']
902,Robocraft,08-07-2014,"['Action', 'RPG', 'Simulation', 'Massively Multiplayer', 'Indie']"
432,Company of Heroes: Opposing Fronts,24-09-2007,"['Action', 'Strategy']"
910,Assassin��������,16-11-2010,"['Action', 'Adventure']"
790,Ricochet,01-11-2000,['Action']
841,Tomb Raider: Underworld,18-11-2008,"['Action', 'Adventure']"
847,Enclave,18-07-2002,"['Action', 'Adventure', 'RPG']"
24,Doki Doki Literature Club!,22-09-2017,"['Adventure', 'Indie']"
120,The Red Solstice,09-07-2015,"['Action', 'RPG', 'Strategy', 'Indie']"
940,RiME,25-05-2017,"['Adventure', 'Puzzle']"
165,SpaceChem,01-01-2011,"['Strategy', 'Simulation', 'Indie', 'Puzzle']"
325,Deathmatch Classic,01-06-2001,['Action']
617,Human: Fall Flat,22-07-2016,"['Action', 'Indie', 'Puzzle']"
819,The Awesome Adventures of Captain Spirit,25-06-2018,['Adventure']
139,Age of Empires II HD,09-04-2013,['Strategy']
470,Battlerite,20-09-2016,['Action']
477,Shadow Warrior Classic,12-05-1997,"['Action', 'Shooter']"
233,SteamWorld Dig,08-08-2013,"['Action', 'Adventure', 'Indie', 'Puzzle', 'Platformer']"
735,FINAL FANTASY XIII,17-12-2009,['RPG']
428,Cyberpunk 2077,17-09-2020,"['Action', 'RPG']"
50,X-COM: UFO Defense,30-12-1993,['Strategy']
654,Dungeons 2,23-04-2015,"['RPG', 'Strategy', 'Simulation']"
952,"Warhammer 40,000: Dawn of War - Game of the Year Edition",07-08-2007,['Strategy']
311,Clicker Heroes,13-05-2015,"['Adventure', 'RPG', 'Strategy', 'Simulation', 'Casual', 'Indie']"
371,Bulletstorm,22-02-2011,"['Action', 'Shooter']"
707,Celeste,25-01-2018,"['Indie', 'Platformer']"
80,Metro Exodus,15-02-2019,"['Action', 'Shooter']"
82,Surgeon Simulator,18-04-2013,"['Action', 'Simulation', 'Educational', 'Indie']"
890,STRIDER,16-02-2012,"['Action', 'Adventure', 'Arcade']"
155,The Vanishing of Ethan Carter,25-09-2014,"['Action', 'Adventure', 'Indie']"
324,Tropico 3,20-10-2009,"['Strategy', 'Simulation']"
407,Saints Row: Gat Out of Hell,20-01-2015,"['Action', 'Adventure']"
215,Unreal Gold,20-01-2000,"['Action', 'Shooter']"
811,Serious Sam HD:  The First Encounter,24-11-2009,"['Action', 'Shooter', 'Indie']"
723,Life is Strange: Before The Storm,31-08-2017,['Adventure']
456,Crysis,12-11-2007,"['Action', 'Shooter']"
56,LittleBigPlanet 3,18-11-2014,"['Adventure', 'Arcade']"
923,Furi,04-07-2016,"['Action', 'Arcade']"
369,Battlefield: Bad Company 2,02-03-2010,"['Action', 'Shooter']"
356,Gothic Playable Teaser,14-12-2019,['RPG']
281,Resident Evil Revelations,07-02-2012,"['Action', 'Adventure']"
26,Lord of the Rings: War in the North,01-11-2011,"['Action', 'RPG']"
140,Control,27-08-2019,"['Action', 'Shooter', 'Adventure']"
860,H1Z1: King of the Kill,17-02-2016,"['Action', 'Adventure', 'Massively Multiplayer']"
871,Loadout,10-01-2014,"['Action', 'Indie']"
357,Scribblenauts Unlimited,13-11-2012,"['Adventure', 'Strategy', 'Casual', 'Puzzle']"
813,Forza Horizon 4,02-10-2018,"['Racing', 'Arcade', 'Massively Multiplayer']"
465,Dead by Daylight,14-06-2016,['Action']
641,inFAMOUS First Light,26-08-2014,['Action']
534,Dead Rising 2,31-08-2010,['Action']
574,The Expendabros,05-08-2014,"['Action', 'Indie', 'Platformer']"
95,Company of Heroes: Tales of Valor,07-04-2009,['Strategy']
867,Steep,02-12-2016,"['Action', 'Simulation', 'Sports']"
971,HELLDIVERS,07-12-2015,['Action']
380,STAR WARS Jedi Knight - Jedi Academy,16-09-2003,"['Action', 'Shooter']"
694,Tropico 5,22-05-2014,"['RPG', 'Strategy', 'Simulation']"
175,Oddworld: New 'n' Tasty,22-07-2014,"['Action', 'Adventure', 'Indie', 'Platformer']"
196,Little Nightmares,27-04-2017,"['Action', 'Platformer']"
805,Need For Speed: Hot Pursuit,16-11-2010,"['Action', 'Sports', 'Racing']"
466,Arma 2,18-06-2009,"['Action', 'Strategy', 'Simulation']"
585,Rayman Origins,15-11-2011,"['Action', 'Arcade', 'Family', 'Platformer']"
576,The Elder Scrolls IV: Oblivion Game of the Year Edition,16-06-2009,['RPG']
105,Mass Effect: Andromeda,21-03-2017,"['Action', 'RPG']"
418,Risk of Rain,07-11-2013,"['Action', 'Indie', 'Platformer']"
138,Cortex Command,28-09-2012,"['Action', 'Strategy', 'Indie']"
928,Orcs Must Die!,05-10-2011,"['Action', 'Strategy', 'Indie']"
893,Assassin's Creed Revelations,15-11-2011,"['Action', 'Adventure']"
376,ARK: Survival Of The Fittest,15-03-2016,"['Action', 'RPG', 'Strategy', 'Massively Multiplayer', 'Indie']"
330,Hitman: Codename 47,19-11-2000,"['Action', 'Shooter']"
181,AudioSurf,15-02-2008,['Indie']
345,Diablo III: Reaper of Souls,25-03-2014,"['Action', 'RPG']"
780,The Elder Scrolls III: Morrowind,02-05-2002,['RPG']
134,Sniper Elite 4,13-02-2017,"['Action', 'Shooter', 'Adventure']"
947,Stellaris,08-05-2016,"['Strategy', 'Simulation']"
374,Mount & Blade: Warband,30-03-2010,"['Action', 'RPG', 'Strategy']"
293,Enter the Gungeon,04-04-2016,"['Action', 'Shooter', 'Adventure', 'Indie']"
557,Deus Ex 2: Invisible War,01-12-2003,"['Action', 'RPG']"
851,Bully: Scholarship Edition,04-03-2008,"['Action', 'Adventure']"
292,Call of Juarez Gunslinger,14-05-2013,"['Action', 'Shooter']"
33,The Banner Saga,14-01-2014,"['RPG', 'Strategy', 'Indie']"
75,Dirty Bomb,01-06-2015,"['Action', 'Shooter']"
468,Max Payne 2: The Fall of Max Payne,14-10-2003,"['Action', 'Shooter']"
240,Shadowrun: Dragonfall - Director's Cut,17-09-2014,"['Adventure', 'RPG', 'Strategy', 'Indie']"
525,DRIVECLUB,07-09-2014,"['Simulation', 'Racing']"
762,Dota Underlords,25-02-2020,"['Strategy', 'Board Games', 'Casual']"
806,Risen 2: Dark Waters,23-04-2012,"['Action', 'RPG']"
263,Dark Souls: Remastered,23-05-2018,['Action']
241,Risen,02-10-2009,"['Action', 'RPG']"
440,Dungeon Defenders,16-12-2010,"['Action', 'RPG', 'Strategy', 'Indie']"
515,Serious Sam HD: The Second Encounter,28-04-2010,"['Action', 'Shooter', 'Indie']"
190,Call of Duty: Advanced Warfare,03-10-2014,"['Action', 'Shooter']"
87,Syberia 2,28-03-2004,"['Action', 'Adventure', 'Puzzle']"
621,Tomb Raider: Legend,07-04-2006,"['Action', 'Adventure']"
474,Just Cause,26-09-2006,"['Action', 'Shooter']"
887,Anomaly: Warzone Earth,07-04-2011,"['Action', 'Strategy', 'Simulation', 'Indie']"
249,Crypt of the NecroDancer,22-04-2015,"['Action', 'RPG', 'Indie']"
891,Dark Souls,22-09-2011,"['Action', 'RPG']"
446,SpeedRunners,19-04-2016,"['Action', 'Sports', 'Racing', 'Casual', 'Indie']"
372,Trials Fusion,15-04-2014,['Racing']
850,Styx: Master of Shadows,06-10-2014,"['Action', 'RPG']"
274,Sniper Elite 3,26-06-2014,"['Action', 'Shooter', 'Adventure']"
279,Warhammer: End Times - Vermintide,23-10-2015,"['Action', 'Indie']"
785,Black Mesa,06-03-2020,"['Shooter', 'Indie']"
17,The Incredible Adventures of Van Helsing,22-05-2013,"['Action', 'RPG', 'Indie']"
343,Trove,09-07-2015,"['Action', 'RPG', 'Casual', 'Massively Multiplayer']"
172,S.T.A.L.K.E.R.: Call of Pripyat,02-10-2009,"['Shooter', 'RPG']"
954,Dino D-Day,08-04-2011,"['Action', 'Indie']"
154,"Warhammer 40,000: Dawn of War II",18-02-2009,"['RPG', 'Strategy']"
657,Final Fantasy VII,31-01-1997,"['Adventure', 'RPG']"
65,Totally Accurate Battlegrounds,05-06-2018,"['Action', 'Shooter', 'Indie']"
781,TERA,31-01-2017,"['Action', 'RPG', 'Massively Multiplayer']"
670,Sonic Generations,23-06-2011,"['Action', 'Arcade', 'Family', 'Platformer']"
102,A Way Out,23-03-2018,"['Action', 'Adventure']"
390,Yakuza Kiwami,21-01-2016,"['Action', 'Adventure', 'RPG', 'Fighting']"
304,Valkyria Chronicles,24-04-2008,"['Action', 'RPG', 'Strategy']"
828,Guns of Icarus Alliance,31-03-2017,"['Action', 'Simulation', 'Indie']"
595,Prince of Persia(2008),02-12-2008,"['Action', 'Adventure', 'Puzzle', 'Platformer']"
125,S.T.A.L.K.E.R.: Clear Sky,22-08-2008,"['Shooter', 'RPG']"
505,Tom Clancy's Splinter Cell: Conviction,13-04-2010,"['Action', 'Adventure']"
147,How to Survive,23-10-2013,"['Action', 'Adventure', 'RPG']"
364,The Surge,15-05-2017,"['Action', 'RPG']"
83,Antichamber,31-01-2013,"['Indie', 'Puzzle']"
118,Titan Souls,13-04-2015,"['Action', 'Indie']"
956,Super Mario Odyssey,26-10-2017,"['Arcade', 'Platformer']"
854,Tomb Raider: Anniversary,01-06-2007,"['Action', 'Adventure', 'Puzzle']"
202,Vanquish,19-10-2010,"['Action', 'Shooter']"
152,Dear Esther: Landmark Edition,14-02-2017,"['Adventure', 'Casual', 'Indie']"
732,LEGO Marvel Super Heroes,22-10-2013,"['Action', 'Adventure', 'Family']"
508,STAR WARS Jedi Knight II - Jedi Outcast,01-03-2002,"['Action', 'Shooter', 'Adventure']"
849,Arma 2: Operation Arrowhead,29-06-2010,"['Action', 'Strategy', 'Simulation']"
921,Fractured Space,22-09-2016,"['Action', 'Strategy', 'Indie']"
626,Her Story,23-06-2015,"['Adventure', 'Simulation', 'Indie', 'Puzzle']"
907,Fable III,25-10-2010,"['Action', 'RPG']"
186,Guacamelee! Gold Edition,08-08-2013,"['Action', 'Adventure', 'Indie']"
671,Stealth Inc 2: A Game of Clones,30-10-2014,"['Action', 'Adventure', 'Indie', 'Puzzle']"
524,Marvel Heroes,03-06-2013,"['Action', 'RPG', 'Massively Multiplayer']"
170,Trackmania Turbo,22-03-2016,"['Racing', 'Massively Multiplayer']"
555,Gears of War,08-11-2006,"['Action', 'Shooter']"
237,Everlasting Summer,12-12-2013,['Indie']
48,Day of the Tentacle Remastered,21-03-2016,"['Adventure', 'Family']"
363,Grim Dawn,24-02-2016,"['Action', 'RPG', 'Indie']"
294,Frostpunk,24-04-2018,"['Strategy', 'Simulation']"
203,Beholder,08-11-2016,"['Adventure', 'RPG', 'Strategy', 'Indie']"
322,Command & Conquer: Red Alert 3 - Uprising,12-03-2009,['Strategy']
478,Overlord II,22-06-2009,"['Action', 'RPG']"
447,Divinity II: Developer's Cut,29-10-2012,"['Action', 'RPG']"
39,Hawken,14-02-2014,"['Action', 'Shooter']"
368,"Invisible, Inc.",12-05-2015,"['Adventure', 'Strategy']"
236,Thief Gold,29-11-1998,"['Action', 'Simulation']"
904,DiRT 3,24-05-2011,"['Sports', 'Racing', 'Arcade']"
521,Condemned: Criminal Origins,15-11-2005,['Action']
727,Besiege,18-02-2020,"['Strategy', 'Simulation', 'Indie']"
953,The Forest,30-05-2014,"['Action', 'Adventure', 'Indie']"
675,Gears 5,10-09-2019,"['Action', 'Shooter']"
133,No More Room in Hell,31-10-2013,"['Action', 'Indie']"
950,Dark Messiah of Might & Magic,24-10-2006,"['Action', 'RPG']"
298,Poker Night at the Inventory,22-11-2010,"['Sports', 'Casual', 'Card']"
569,Duke Nukem Forever,09-06-2011,"['Action', 'Shooter']"
421,Red Faction Guerrilla Re-Mars-tered,02-07-2018,"['Action', 'Shooter', 'Arcade']"
767,Superbrothers: Sword & Sworcery EP,24-03-2011,"['Adventure', 'RPG', 'Indie']"
979,Pid,05-09-2012,"['Action', 'Adventure', 'Arcade', 'Indie', 'Puzzle', 'Platformer']"
150,Call of Duty 4: Modern Warfare,05-11-2007,"['Action', 'Shooter']"
577,Shadow Warrior 2,12-10-2016,"['Action', 'Shooter', 'Adventure']"
911,Star Wars: Battlefront II (2017),17-11-2017,['Shooter']
275,Sunset Overdrive,28-10-2014,"['Action', 'Shooter', 'Adventure']"
85,Game Dev Tycoon,10-12-2012,"['Strategy', 'Simulation', 'Casual', 'Indie']"
620,Sonic & All-Stars Racing Transformed,16-11-2012,"['Sports', 'Racing', 'Family']"
750,This is the Police,01-08-2016,"['Adventure', 'Strategy', 'Simulation', 'Indie']"
561,The Last Guardian,25-10-2016,"['Action', 'Adventure']"
681,Killzone Shadow Fall,15-11-2013,['Shooter']
639,AdVenture Capitalist,19-02-2015,"['Simulation', 'Board Games', 'Casual', 'Indie']"
415,Plants vs. Zombies GOTY Edition,05-05-2009,['Strategy']
601,Need for Speed,03-11-2015,['Racing']
645,Super Hexagon,31-08-2012,"['Action', 'Arcade', 'Casual', 'Indie']"
53,Nioh,07-02-2017,"['Action', 'RPG']"
708,South Park: The Fractured but Whole,31-03-2017,['RPG']
814,Legend of Grimrock,10-04-2012,"['Adventure', 'RPG', 'Indie']"
699,Resident Evil,22-03-1996,"['Action', 'Adventure']"
728,STAR WARS: The Force Unleashed II,25-10-2010,"['Action', 'Adventure']"
631,Grow Home,04-02-2014,"['Adventure', 'Casual', 'Indie']"
365,Hard Reset Extended Edition,12-07-2012,"['Action', 'Indie']"
779,Endless Legend,18-09-2014,"['RPG', 'Strategy']"
59,Halo 3,25-09-2007,['Shooter']
668,Warhammer: Vermintide 2,08-03-2018,"['Action', 'Indie']"
934,ARK: Survival Evolved,02-06-2015,"['Action', 'Adventure', 'RPG', 'Massively Multiplayer', 'Indie']"
526,Planetary Annihilation,05-09-2014,['Strategy']
385,VRChat,01-02-2017,"['Adventure', 'Simulation', 'Sports', 'Casual', 'Massively Multiplayer']"
598,Dead Island Riptide,22-04-2013,"['Action', 'Shooter', 'Adventure']"
720,Injustice 2,09-05-2017,"['Action', 'RPG', 'Fighting']"
289,RaceRoom Racing Experience,12-02-2013,"['Simulation', 'Sports', 'Racing']"
770,Gears of War 2,07-11-2008,['Shooter']
484,Sid Meier's Civilization IV,25-10-2005,['Strategy']
73,Shank 2,07-02-2012,"['Action', 'Adventure', 'Fighting', 'Indie']"
697,Shank,10-08-2010,"['Action', 'Adventure', 'Arcade', 'Indie']"
530,ARMA: Cold War Assault,08-08-2011,"['Action', 'Strategy', 'Simulation']"
546,Dear Esther,14-02-2012,"['Adventure', 'Casual', 'Indie']"
497,RUINER,26-09-2017,"['Action', 'Shooter', 'Indie']"
752,The Elder Scrolls IV: Oblivion,20-03-2006,['RPG']
759,Hyper Light Drifter,30-03-2016,"['Action', 'Adventure', 'RPG', 'Indie']"
869,Halo: Reach,14-09-2010,['Shooter']
696,BIT.TRIP RUNNER,16-05-2010,"['Action', 'Arcade', 'Indie']"
744,Giana Sisters: Twisted Dreams,22-10-2012,"['Action', 'Adventure', 'Arcade', 'Indie', 'Platformer']"
23,Plague Inc: Evolved,18-09-2015,"['Strategy', 'Simulation', 'Casual', 'Indie']"
875,Vampire: The Masquerade - Bloodlines,15-11-2004,"['Action', 'RPG']"
38,Kerbal Space Program,26-04-2015,"['Simulation', 'Indie']"
652,Kane & Lynch 2: Dog Days,17-08-2010,"['Action', 'Shooter']"
531,LittleBigPlanet,27-10-2008,"['Action', 'Arcade']"
957,Brink,09-05-2011,"['Action', 'Shooter']"
587,Fallout Tactics: Brotherhood of Steel,01-03-2001,"['RPG', 'Strategy']"
604,Divine Divinity,13-09-2002,"['Action', 'RPG']"
769,Quake Live,17-09-2014,['Action']
129,Total War: SHOGUN 2,14-03-2011,['Strategy']
450,Natural Selection 2,30-10-2012,"['Action', 'Strategy', 'Indie']"
964,Star Wars: Republic Commando,01-03-2005,"['Action', 'Shooter']"
510,STAR WARS - Dark Forces,05-02-1995,"['Action', 'Shooter']"
158,PROTOTYPE,09-06-2009,"['Action', 'Adventure']"
2,Kingdoms of Amalur: Reckoning,07-02-2012,"['Action', 'Adventure', 'RPG']"
627,Slay the Spire,22-01-2019,"['Strategy', 'Card', 'Indie']"
725,Serious Sam: The First Encounter,21-03-2001,"['Action', 'Shooter', 'Indie']"
959,Outlast 2,24-04-2017,"['Action', 'Adventure', 'Indie']"
926,Far Cry Primal,23-02-2016,"['Action', 'Shooter']"
182,DISTRAINT,21-10-2015,"['Adventure', 'Casual', 'Indie']"
537,Gunpoint,03-06-2013,"['Action', 'Strategy', 'Indie']"
765,Assassin's Creed 2 Deluxe Edition,04-03-2010,"['Action', 'Adventure']"
434,Skullgirls,14-02-2012,"['Action', 'Adventure', 'RPG', 'Fighting', 'Indie']"
751,Need for Speed Rivals,15-11-2013,"['Racing', 'Arcade']"
306,Serious Sam: The Second Encounter,02-02-2002,"['Action', 'Shooter', 'Indie']"
127,Days Gone,26-04-2019,"['Action', 'Adventure']"
610,Mirage: Arcane Warfare,23-05-2017,"['Action', 'Indie']"
638,Serious Sam 2,11-10-2005,"['Action', 'Indie']"
820,Resident Evil 2 (1998),21-01-1998,"['Action', 'Adventure']"
217,Pixel Puzzles Ultimate,09-09-2016,"['Casual', 'Indie', 'Puzzle']"
743,The Ship: Murder Party,11-07-2006,"['Action', 'RPG', 'Indie']"
352,EVE Online,15-12-2010,"['Action', 'RPG', 'Strategy', 'Massively Multiplayer']"
634,Mount & Blade,16-09-2008,"['Action', 'RPG', 'Indie']"
922,The Ship: Single Player,20-11-2006,"['Action', 'RPG', 'Indie']"
758,"Warhammer 40,000: Dawn of War II: Retribution",28-02-2011,['Strategy']
58,Call of Duty: Ghosts,05-11-2013,"['Action', 'Shooter']"
81,A Plague Tale: Innocence,13-05-2019,"['Action', 'Adventure']"
755,Serial Cleaner,28-09-2016,"['Action', 'Indie']"
961,Elite Dangerous,02-04-2015,"['Action', 'Adventure', 'RPG', 'Simulation', 'Massively Multiplayer']"
31,Cave Story+,22-03-2010,"['Action', 'Adventure', 'Indie', 'Platformer']"
337,Dungeon of the Endless,27-10-2014,"['Adventure', 'RPG', 'Strategy', 'Indie']"
901,FIFA 18,26-09-2017,['Sports']
539,Burnout Paradise,22-01-2008,"['Racing', 'Arcade']"
857,Knights and Merchants,01-02-2013,"['Strategy', 'Simulation']"
798,Two Worlds Epic Edition,30-04-2009,['RPG']
924,ENSLAVED: Odyssey to the West Premium Edition,24-10-2013,"['Action', 'Adventure']"
731,The Evil Within 2,11-10-2017,"['Action', 'Shooter', 'Adventure']"
44,Hero Siege,18-12-2013,"['Action', 'Adventure', 'RPG', 'Massively Multiplayer', 'Indie']"
726,Tom Clancy's Ghost Recon Wildlands,06-03-2017,"['Action', 'Shooter', 'Massively Multiplayer']"
833,Hand of Fate,16-02-2015,"['Action', 'Adventure', 'RPG', 'Indie']"
142,Fable - The Lost Chapters,01-09-2005,"['Action', 'Adventure', 'RPG']"
748,Dead Island: Epidemic,,['Arcade']
949,Teleglitch: Die More Edition,24-07-2013,"['Action', 'Indie']"
861,STAR WARS - The Force Unleashed Ultimate Sith Edition,15-12-2009,['Action']
11,Little Inferno,17-11-2012,"['Adventure', 'Simulation', 'Casual', 'Indie', 'Puzzle']"
962,Crash Bandicoot,09-09-1996,"['Action', 'Adventure', 'Platformer']"
126,Costume Quest,19-10-2010,"['Action', 'Adventure', 'RPG', 'Casual', 'Family']"
235,Warlock - Master of the Arcane,08-05-2012,['Strategy']
479,Two Worlds II,09-11-2010,['RPG']
674,Gothic 3,12-10-2006,"['Action', 'Adventure', 'RPG']"
452,Trine 2,07-12-2011,"['Action', 'Arcade', 'Platformer']"
664,Dark Souls II,11-03-2014,"['Action', 'RPG']"
563,Wasteland 2: Director's Cut,13-10-2015,"['Adventure', 'RPG', 'Strategy', 'Indie']"
467,Gothic,15-03-2001,"['Action', 'RPG']"
965,Eador. Masters of the Broken World,18-04-2013,"['Strategy', 'Indie']"
176,Sanctum,15-04-2011,"['Action', 'Shooter', 'Strategy', 'Casual', 'Indie']"
571,Receiver,18-06-2012,"['Action', 'Shooter', 'Simulation', 'Indie']"
692,Tabletop Simulator,05-06-2015,"['RPG', 'Strategy', 'Simulation', 'Casual', 'Indie']"
122,Hitman 3: Contracts,20-04-2004,"['Action', 'Shooter', 'Adventure']"
40,Dungeon Defenders II,05-12-2014,"['Action', 'RPG', 'Strategy', 'Indie']"
768,Defiance,02-04-2013,"['Action', 'Shooter', 'RPG', 'Massively Multiplayer']"
231,The Bridge,22-02-2013,"['Strategy', 'Casual', 'Indie', 'Puzzle']"
900,DEFCON,28-09-2006,"['Strategy', 'Indie']"
296,7 Days to Die,13-12-2013,"['Shooter', 'RPG', 'Simulation', 'Indie']"
937,Hellblade: Senua's Sacrifice VR Edition,31-07-2018,"['Action', 'Adventure', 'Indie']"
403,Frozen Synapse,25-05-2011,"['Action', 'Strategy', 'Indie']"
606,Mortal Kombat 11,23-04-2019,"['Action', 'Adventure', 'Fighting']"
691,RACE 07,15-10-2007,['Racing']
713,Far Cry,22-03-2004,"['Action', 'Shooter']"
141,Punch Club,07-01-2016,"['RPG', 'Strategy', 'Simulation', 'Sports', 'Fighting', 'Indie']"
925,>observer_,14-08-2017,"['Adventure', 'Indie']"
413,ORION: Prelude,04-05-2012,"['Action', 'Adventure', 'RPG', 'Indie']"
865,Puzzle Agent,30-06-2010,"['Adventure', 'Casual', 'Puzzle']"
693,Apotheon,02-02-2015,"['Action', 'Adventure', 'RPG', 'Indie']"
547,Kane and Lynch: Dead Men,13-11-2007,"['Action', 'Shooter']"
303,Realm Royale,05-06-2018,['Action']
117,Overlord: Raising Hell,15-02-2008,['RPG']
612,Fahrenheit: Indigo Prophecy Remastered,28-01-2015,"['Adventure', 'RPG']"
777,Full Throttle Remastered,17-04-2017,['Adventure']
932,EA SPORTS FIFA 17,27-09-2016,['Sports']
688,Back to the Future: The Game,21-12-2010,"['Action', 'Adventure', 'Puzzle']"
853,Gothic II: Gold Edition,13-01-2010,"['Action', 'RPG']"
183,Uplink,23-08-2006,"['Strategy', 'Simulation', 'Indie']"
206,World of Tanks,12-08-2010,"['Action', 'Shooter', 'Massively Multiplayer']"
248,Medieval II: Total War,27-11-2007,"['Strategy', 'Simulation']"
355,Kingdom: New Lands,21-10-2015,"['Strategy', 'Simulation', 'Arcade', 'Casual', 'Indie']"
191,Defy Gravity Extended,18-03-2016,"['Action', 'Adventure', 'RPG', 'Strategy', 'Simulation', 'Sports', 'Racing', 'Casual', 'Indie']"
605,The Tiny Bang Story,21-04-2011,"['Adventure', 'Casual', 'Educational', 'Family', 'Indie', 'Puzzle']"
603,STAR WARS Jedi Knight: Dark Forces II,29-09-1997,"['Action', 'Shooter']"
786,Everybody's Gone to the Rapture,11-08-2015,"['Adventure', 'Casual', 'Indie']"
914,No Time To Explain Remastered,17-07-2015,"['Action', 'Adventure', 'Casual', 'Indie']"
253,OKAMI HD / ������,12-12-2017,"['Action', 'Adventure']"
339,DuckTales: Remastered,13-08-2013,"['Adventure', 'Platformer']"
295,Absolver,28-08-2017,"['Action', 'Adventure', 'Fighting', 'Indie']"
761,Alice: Madness Returns,14-06-2011,"['Action', 'Adventure']"
308,Unravel,09-02-2016,"['Arcade', 'Puzzle', 'Platformer']"
264,LEGO Star Wars - The Complete Saga,06-11-2007,"['Action', 'Adventure', 'Family']"
397,Unreal Tournament 3 Black,11-12-2007,"['Action', 'Shooter']"
656,OlliOlli2: Welcome to Olliwood,03-03-2015,"['Action', 'Sports', 'Indie', 'Platformer']"
116,Street Fighter V,15-02-2016,"['Action', 'Fighting']"
245,Gears of War 3,20-09-2011,['Shooter']
544,Rome: Total War - Collection,28-08-2007,['Strategy']
228,Dishonored: Death of the Outsider,14-09-2017,['Action']
379,Reus,15-05-2013,"['Strategy', 'Simulation', 'Indie']"
874,Gears of War 4,11-10-2016,"['Action', 'Shooter']"
108,Tomb Raider II,31-10-1997,"['Action', 'Shooter', 'Adventure', 'Platformer']"
1,Fable Anniversary,04-02-2014,['RPG']
393,Prince of Persia: The Sands of Time,28-10-2003,"['Action', 'Adventure', 'Platformer']"
307,inFAMOUS 2,07-06-2011,"['Action', 'Shooter', 'Puzzle']"
662,Q.U.B.E: Director's Cut,21-05-2014,"['Action', 'Adventure', 'Indie', 'Puzzle']"
312,FIFA 15,20-09-2014,['Sports']
162,Crash Bandicoot 3: Warped,31-10-1998,"['Action', 'Adventure']"
388,Out There Somewhere,14-03-2016,"['Action', 'Adventure', 'RPG', 'Strategy', 'Simulation', 'Sports', 'Racing', 'Casual', 'Indie']"
113,Shadowrun: Hong Kong - Extended Edition,20-08-2015,"['Adventure', 'RPG', 'Strategy', 'Indie']"
862,Flower,12-02-2009,"['Adventure', 'Arcade', 'Casual', 'Family']"
28,TEKKEN 7,18-03-2015,"['Action', 'Sports', 'Fighting']"
441,Downwell,14-10-2015,"['Action', 'Adventure', 'Arcade', 'Casual', 'Indie', 'Platformer']"
482,"Warhammer 40,000: Dawn of War II Chaos Rising",11-03-2010,['Strategy']
541,Lovers in a Dangerous Spacetime,08-09-2015,"['Action', 'Shooter', 'Simulation', 'Indie']"
855,Conan Exiles,30-01-2017,"['Action', 'Adventure', 'Massively Multiplayer']"
297,DOOM II,30-09-1994,"['Action', 'Shooter']"
898,Shadow Tactics: Blades of the Shogun,05-12-2016,"['Strategy', 'Indie']"
100,Stacking,07-02-2011,"['Action', 'Adventure', 'RPG', 'Indie', 'Puzzle']"
582,Pyre,25-07-2017,"['RPG', 'Sports', 'Arcade', 'Indie']"
633,DOOM Eternal,20-03-2020,"['Action', 'Shooter']"
334,NBA 2K16,25-09-2015,['Sports']
542,Tricky Towers,20-06-2016,"['Arcade', 'Casual', 'Indie', 'Puzzle']"
870,Ring of Elysium,19-09-2018,"['Action', 'Shooter', 'Massively Multiplayer']"
67,Crayon Physics Deluxe,07-01-2009,"['Casual', 'Indie']"
287,King's Bounty: The Legend,24-04-2008,"['RPG', 'Strategy']"
650,Jamestown: Legend of the Lost Colony,08-06-2011,"['Action', 'Arcade', 'Indie']"
94,Serious Sam Classics: Revolution,30-04-2014,"['Action', 'Indie']"
476,Crash Bandicoot 2: Cortex Strikes Back,01-11-1997,"['Action', 'Adventure']"
123,SPORE,04-09-2008,"['Simulation', 'Family']"
323,Tom Clancy����������,20-08-2013,['Action']
823,Gris,13-12-2018,"['Action', 'Adventure', 'Indie', 'Puzzle', 'Platformer']"
451,Sacred 2 Gold,08-11-2009,"['Action', 'RPG']"
261,Tiny and Big: Grandpa's Leftovers,18-06-2012,"['Action', 'Adventure', 'Arcade', 'Indie', 'Platformer']"
200,Battlefield Hardline,17-03-2015,"['Action', 'Shooter']"
889,Space Engineers,23-10-2013,"['Action', 'Strategy', 'Simulation', 'Indie']"
842,Worms Battlegrounds,30-05-2014,['Strategy']
572,Into the Breach,26-02-2018,"['RPG', 'Strategy', 'Simulation', 'Indie']"
216,Lucius,25-10-2012,"['Action', 'Adventure', 'Indie']"
739,Sid Meier's Civilization IV: Colonization,22-09-2008,"['Strategy', 'Simulation', 'Educational']"
783,Worms Armageddon,29-01-1999,['Strategy']
42,Civilization IV: Beyond the Sword,24-06-2007,['Strategy']
622,Thief 3: Deadly Shadows,24-05-2004,"['Action', 'Simulation']"
483,Crazy Taxi (1999),01-01-1999,"['Action', 'Racing', 'Arcade']"
412,Kathy Rain,05-05-2016,"['Adventure', 'Indie', 'Puzzle']"
745,Tyranny,10-11-2016,['RPG']
66,Crash Bandicoot N. Sane Trilogy,30-06-2017,['Action']
266,Wasteland,01-01-1988,"['Adventure', 'RPG', 'Strategy', 'Indie']"
516,The Secret of Monkey Island: Special Edition,15-07-2009,"['Adventure', 'Family']"
121,Need for Speed: Most Wanted - A Criterion Game,30-10-2012,"['Action', 'Racing', 'Arcade']"
13,Beyond Divinity,26-04-2004,"['Action', 'RPG']"
514,METAL SLUG 3,22-03-2000,"['Action', 'Arcade', 'Casual', 'Fighting']"
444,Deus Ex: The Fall,10-07-2013,"['Action', 'Adventure', 'RPG']"
589,BIT.TRIP Presents... Runner2: Future Legend of Rhythm Alien,25-02-2013,"['Action', 'Adventure', 'Arcade', 'Indie', 'Platformer']"
509,Civilization IV: Warlords,26-07-2006,['Strategy']
47,Tom Clancy�������,15-03-2019,"['Action', 'Shooter', 'Adventure', 'RPG']"
799,Mini Ninjas,08-09-2009,"['Action', 'Adventure', 'Family']"
895,Gun Monkeys,28-06-2013,"['Action', 'Casual', 'Indie']"
234,Commandos 2: Men of Courage,20-09-2001,['Action']
188,The Last Remnant,01-01-2008,"['RPG', 'Strategy']"
63,Teslagrad,12-12-2013,"['Action', 'Adventure', 'Family', 'Indie', 'Puzzle', 'Platformer']"
262,Empire: Total War,03-03-2009,['Strategy']
642,Rebel Galaxy,19-10-2015,"['Action', 'Adventure', 'RPG', 'Strategy', 'Simulation', 'Indie']"
71,Chaos on Deponia,12-10-2012,"['Adventure', 'RPG', 'Indie']"
145,Swords and Soldiers HD,02-12-2010,"['Action', 'Strategy', 'Casual', 'Indie']"
46,STAR WARS Empire at War - Gold Pack,25-05-2010,['Strategy']
737,LEGO Batman 2 DC Super Heroes,19-06-2012,"['Action', 'Adventure', 'Family']"
377,God of War II,13-03-2007,"['Action', 'Adventure']"
69,POSTAL,14-11-1997,"['Action', 'Indie']"
416,Owlboy,31-10-2016,"['Action', 'Adventure', 'Indie', 'Platformer']"
793,Mercenary Kings,25-03-2014,"['Action', 'Adventure', 'RPG', 'Indie']"
812,The Cave,22-01-2013,"['Adventure', 'Puzzle']"
278,The Sims 4,02-09-2014,"['Strategy', 'Simulation']"
775,Hexic HD,01-01-2008,['Puzzle']
302,Black Desert Online,01-12-2014,"['Action', 'Adventure', 'RPG', 'Strategy', 'Simulation', 'Massively Multiplayer']"
701,Portal Knights,25-02-2016,"['Action', 'Adventure', 'RPG']"
168,Aliens vs. Predator (2010),16-02-2010,"['Action', 'Shooter']"
611,Spyro Reignited Trilogy,13-11-2018,"['Action', 'Adventure']"
32,Banished,17-02-2014,"['Strategy', 'Simulation', 'Indie']"
36,LittleBigPlanet 2,18-01-2011,"['Action', 'Arcade']"
916,State of Decay,06-06-2013,"['Action', 'RPG', 'Simulation']"
933,Faeria,08-03-2017,"['Strategy', 'Card', 'Massively Multiplayer', 'Indie']"
92,Really Big Sky,29-06-2011,"['Action', 'Indie']"
205,Gwent: The Witcher Card Game,23-10-2018,"['Strategy', 'Board Games', 'Card']"
103,Mortal Kombat,08-10-1992,['Fighting']
14,Bulletstorm: Full Clip Edition,07-04-2017,"['Action', 'Adventure']"
394,Hitman: Sniper Challenge,15-05-2012,"['Action', 'Shooter', 'Arcade']"
918,A Hat in Time,04-10-2017,"['Action', 'Indie']"
163,Contrast,15-11-2013,"['Action', 'Adventure', 'Indie', 'Puzzle']"
536,Mutant Year Zero: Road to Eden,03-12-2018,"['Adventure', 'RPG', 'Strategy']"
84,Borderlands 3,13-09-2019,"['Action', 'Shooter', 'Adventure', 'RPG']"
353,FIFA 14,23-09-2013,['Sports']
137,Shadowgrounds,16-11-2005,"['Action', 'Shooter']"
37,LEGO Batman,23-09-2008,"['Action', 'Adventure', 'Family', 'Platformer']"
632,Vampyr,04-06-2018,"['Action', 'RPG']"
591,Darksiders III,27-11-2018,"['Action', 'Adventure', 'RPG']"
489,Rocketbirds: Hardboiled Chicken,18-10-2011,"['Adventure', 'Indie']"
77,Puzzle Agent 2,29-06-2011,"['Adventure', 'Casual', 'Puzzle']"
538,Fable II,21-10-2008,"['Action', 'Adventure', 'RPG']"
62,Darwinia,03-03-2005,"['Strategy', 'Indie']"
520,Kingdom Hearts III,29-01-2019,"['Action', 'Adventure', 'RPG']"
760,Lethal League,27-08-2014,"['Action', 'Sports', 'Indie']"
391,That's You!,29-06-2017,['Casual']
625,Cry of Fear,24-04-2013,"['Action', 'Adventure', 'Indie']"
360,Counter-Strike Nexon: Zombies,23-09-2014,"['Action', 'Casual', 'Massively Multiplayer']"
749,Crysis 2,22-03-2011,"['Action', 'Shooter']"
60,Octodad: Dadliest Catch,29-01-2014,"['Action', 'Adventure', 'Simulation', 'Family', 'Indie']"
156,Dungeon Siege 3,31-05-2011,"['Action', 'RPG']"
251,Resident Evil 7 / Biohazard 7 Teaser: Beginning Hour,18-12-2016,"['Action', 'Adventure']"
496,Poker Night 2,24-04-2013,"['Sports', 'Board Games', 'Casual', 'Card']"
614,Trine 3: The Artifacts of Power,20-04-2015,"['Action', 'Adventure', 'Indie']"
886,Battlefield V,20-11-2018,"['Action', 'Shooter', 'Adventure', 'Massively Multiplayer']"
130,The Banner Saga 2,18-04-2016,"['RPG', 'Strategy', 'Indie']"
404,Demon's Souls,05-02-2009,"['Action', 'RPG']"
187,Mini Metro,05-11-2015,"['Strategy', 'Simulation', 'Indie', 'Puzzle']"
908,Starpoint Gemini 2,19-09-2014,"['Action', 'RPG', 'Simulation']"
948,Divide By Sheep,02-07-2015,"['Adventure', 'Casual', 'Educational', 'Indie', 'Puzzle']"
881,Murderous Pursuits,26-04-2018,"['Action', 'Strategy', 'Simulation', 'Indie']"
507,EA SPORTS FIFA 16,22-09-2015,['Sports']
700,Sea of Thieves,20-03-2018,"['Action', 'Adventure']"
350,Mirror's Edge Catalyst,07-06-2016,['Action']
221,Zeno Clash,21-04-2009,"['Action', 'Shooter', 'Adventure', 'Indie']"
554,Diablo 3,15-05-2012,"['Action', 'RPG']"
399,Back to the Future: Ep 4 - Double Visions,07-06-2011,['Adventure']
344,Back to the Future: Ep 2 - Get Tannen!,29-03-2011,['Adventure']
405,Back to the Future: Ep 3 - Citizen Brown,03-05-2011,['Adventure']
500,Resident Evil HD Remaster,19-01-2015,"['Action', 'Adventure']"
98,Back to the Future: Ep 5 - OUTATIME,26-07-2011,['Adventure']
19,Dead Bits,07-06-2014,"['Action', 'Casual', 'Indie']"
845,Commandos: Behind Enemy Lines,31-07-1998,['Action']
417,Sam & Max 303: They Stole Max's Brain!,,['Adventure']
64,Sam & Max 305: The City That Dares Not Sleep,,['Adventure']
97,Sam & Max 301: The Penal Zone,,"['Action', 'Adventure']"
20,The Beginner's Guide,01-10-2015,"['Adventure', 'Indie']"
463,Sam & Max 304: Beyond the Alley of the Dolls,,['Adventure']
599,Sam & Max 302: The Tomb of Sammun-Mak,,['Adventure']
655,Northgard,24-09-2019,"['Adventure', 'Strategy', 'Simulation', 'Indie']"
930,Arma 3,12-09-2013,"['Action', 'Shooter', 'Strategy', 'Simulation']"
359,ZOMBI,18-08-2015,"['Action', 'Adventure']"
54,SteamWorld Heist,10-12-2015,"['Action', 'Adventure', 'RPG', 'Strategy', 'Indie', 'Platformer']"
143,Beat Hazard,15-04-2010,"['Action', 'Casual', 'Indie']"
78,UNCHARTED: Golden Abyss,17-12-2011,"['Action', 'Adventure']"
877,Moonlighter,28-05-2018,"['Action', 'Adventure', 'Indie']"
529,Pathologic Classic HD,28-10-2015,"['Action', 'Adventure', 'RPG', 'Indie']"
90,Deadly Premonition: The Director's Cut,11-03-2010,"['Action', 'Adventure']"
590,Knack,15-11-2013,['Action']
86,Sonic CD,14-12-2011,"['Action', 'Adventure']"
161,God of War III,16-03-2010,['Action']
721,Hammerwatch,11-08-2013,"['Action', 'Adventure', 'RPG', 'Indie']"
772,Halo 5: Guardians,27-10-2015,"['Action', 'Shooter', 'Adventure']"
6,FIFA 19,28-09-2018,"['Simulation', 'Sports']"
545,Woodle Tree Adventures,02-03-2016,"['Action', 'Adventure', 'Indie']"
435,Braveland,16-03-2014,"['Adventure', 'Strategy', 'Casual', 'Indie']"
684,NightSky,06-01-2011,"['Action', 'Strategy', 'Casual', 'Indie', 'Puzzle']"
609,Commandos 3: Destination Berlin,14-10-2003,['Action']
494,Metal Gear Solid 4: Guns of the Patriots,12-06-2008,"['Action', 'Shooter']"
619,Crysis Warhead,16-09-2008,"['Action', 'Shooter']"
600,Age of Empires III: Complete Collection,05-01-2012,"['Strategy', 'Simulation']"
5,Crossout,30-05-2017,"['Action', 'Simulation', 'Racing', 'Massively Multiplayer']"
277,Back to Bed,06-08-2014,"['Action', 'Adventure', 'Casual', 'Indie', 'Puzzle']"
35,Keep Talking and Nobody Explodes,08-10-2015,"['Simulation', 'Indie', 'Puzzle']"
498,Deceit,03-03-2017,['Action']
49,Assassin's Creed: Director's Cut Edition,09-04-2008,"['Action', 'Adventure']"
408,Ori and the Will of the Wisps,10-03-2020,"['Action', 'Adventure', 'Platformer']"
395,Worms Revolution,09-10-2012,"['Strategy', 'Simulation']"
966,Proteus,30-01-2013,"['Adventure', 'Casual', 'Indie']"
429,Supreme Commander,28-09-2011,['Strategy']
177,Cogs,14-04-2009,"['Casual', 'Family', 'Indie', 'Puzzle']"
974,Assassin's Creed Freedom Cry,18-02-2014,"['Action', 'Adventure']"
722,Baldur's Gate: Enhanced Edition,28-11-2012,"['RPG', 'Strategy']"
269,Deadpool,25-06-2013,"['Action', 'Adventure']"
703,Horizon Chase Turbo,15-05-2018,"['Action', 'Sports', 'Racing', 'Casual', 'Indie']"
931,Halo 4,06-11-2012,"['Action', 'Shooter']"
592,Tacoma,01-08-2017,"['Adventure', 'Indie']"
899,RESOGUN,15-11-2013,['Arcade']
863,Sang-Froid - Tales of Werewolves,05-04-2013,"['Action', 'Adventure', 'RPG', 'Strategy', 'Indie']"
673,Multiwinia,18-09-2008,"['Strategy', 'Indie']"
167,Headsnatchers,24-07-2018,"['Action', 'Sports', 'Casual', 'Indie']"
445,And Yet It Moves,02-04-2009,"['Action', 'Indie', 'Puzzle', 'Platformer']"
503,Ziggurat,22-10-2014,"['Action', 'Shooter', 'RPG', 'Indie']"
915,Osmos,18-08-2009,"['Simulation', 'Arcade', 'Casual', 'Indie', 'Puzzle']"
981,Gorky 17,28-09-1999,"['RPG', 'Strategy']"
936,Resident Evil 0 / biohazard 0 HD REMASTER,19-01-2016,"['Action', 'Adventure']"
34,Trine,03-07-2009,"['Action', 'Adventure', 'Arcade']"
160,Hammerfight,14-09-2009,"['Action', 'Indie']"
265,Space Hack,05-08-2014,"['Action', 'Indie']"
384,The Sims 3,02-06-2009,"['Simulation', 'Casual']"
366,Sonic Adventure DX Director's Cut,06-06-2003,['Arcade']
702,TowerFall Ascension,25-06-2013,"['Action', 'Indie', 'Platformer']"
367,Door Kickers,19-10-2014,"['Action', 'Strategy', 'Simulation', 'Indie']"
184,Tower of Guns,03-03-2014,"['Action', 'Shooter', 'Indie']"
666,Devil May Cry 4,22-01-2008,"['Action', 'Adventure']"
101,Cities in Motion 2,02-04-2013,"['Strategy', 'Simulation']"
616,inFamous,26-05-2009,['Action']
888,Goodbye Deponia,15-10-2013,"['Adventure', 'RPG']"
912,Forza Horizon 3,27-09-2016,"['Simulation', 'Racing']"
285,My Friend Pedro,19-06-2019,"['Action', 'Shooter', 'Arcade', 'Indie']"
461,Dead Space 3,05-02-2013,"['Action', 'Shooter']"
973,Victor Vran,23-07-2015,"['Action', 'Adventure', 'RPG', 'Indie']"
736,FlatOut 2,21-12-2006,"['Racing', 'Arcade']"
596,DayZ,16-12-2013,"['Action', 'Massively Multiplayer', 'Indie']"
431,Super Time Force Ultra,24-08-2014,"['Action', 'Indie', 'Platformer']"
917,Penumbra Overture,30-03-2007,"['Action', 'Adventure', 'Indie']"
628,Magic Duels,08-07-2015,"['Strategy', 'Card']"
179,Mount & Blade: With Fire & Sword,04-12-2009,"['Action', 'RPG']"
10,Unepic,29-09-2011,"['Action', 'RPG', 'Indie', 'Platformer']"
27,Night in the Woods,21-02-2017,['Adventure']
471,Sonic Adventure 2,18-06-2001,"['Action', 'Adventure', 'Platformer']"
319,Geneshift,27-04-2017,"['Action', 'RPG', 'Indie']"
252,Gran Turismo Sport,17-10-2017,"['Simulation', 'Racing']"
658,Disco Elysium,14-10-2019,"['Adventure', 'RPG', 'Indie']"
76,Assassin������,11-11-2014,"['Action', 'Adventure']"
282,Dungeons of Dredmor,13-07-2011,"['RPG', 'Indie']"
230,Prince of Persia: Warrior Within,30-11-2004,"['Action', 'Adventure']"
771,LET IT DIE,03-12-2016,"['Action', 'Adventure', 'Massively Multiplayer']"
879,Supreme Commander: Forged Alliance,28-09-2011,['Strategy']
837,Two Point Hospital,30-08-2018,"['RPG', 'Simulation']"
427,Zombie Driver HD,17-10-2012,"['Action', 'Shooter', 'Racing', 'Indie']"
715,Nosferatu: The Wrath of Malachi,06-03-2014,"['Action', 'Shooter', 'Adventure']"
523,BEEP,30-03-2011,"['Action', 'Adventure', 'RPG', 'Strategy', 'Simulation', 'Sports', 'Racing', 'Casual', 'Indie']"
342,Rochard,15-11-2011,"['Action', 'Casual', 'Indie']"
778,Fishing Planet,11-08-2015,"['Simulation', 'Sports', 'Massively Multiplayer']"
268,Onrush,05-06-2018,"['Action', 'Racing', 'Arcade']"
270,Blacklight: Retribution,03-04-2012,"['Action', 'Shooter']"
198,Project CARS,15-03-2015,"['Simulation', 'Sports', 'Racing']"
885,Stronghold HD,21-10-2001,['Strategy']
89,Operation Flashpoint: Dragon Rising,06-10-2009,['Action']
423,Life is Strange 2,04-12-2019,['Adventure']
223,Commandos: Beyond the Call of Duty,30-03-1999,['Action']
41,Tearaway Unfolded,08-09-2015,"['Action', 'Adventure', 'Family']"
439,Magicka: Wizard Wars,28-04-2015,['Action']
802,King's Bounty: Armored Princess,10-04-2009,"['RPG', 'Strategy']"
104,Space Pirates and Zombies,14-08-2011,"['Action', 'RPG', 'Strategy', 'Indie']"
305,APB Reloaded,06-12-2011,"['Action', 'Shooter', 'Massively Multiplayer']"
840,Capsized,28-04-2011,"['Action', 'Adventure', 'Indie', 'Platformer']"
815,King's Quest,28-07-2015,"['Action', 'Adventure']"
866,"Time Gentlemen, Please! and Ben There, Dan That! Special Edition Double Pack",25-08-2009,"['Adventure', 'Indie', 'Puzzle']"
551,Doom 3: BFG Edition,16-10-2012,"['Action', 'Shooter']"
420,"Warhammer 40,000: Dawn of War - Dark Crusade",09-10-2006,['Strategy']
552,"Warhammer 40,000: Dawn of War - Soulstorm",04-03-2008,['Strategy']
649,Realm of the Mad God,20-02-2012,"['Action', 'RPG', 'Massively Multiplayer', 'Indie']"
570,Survarium,02-04-2015,"['Action', 'RPG', 'Massively Multiplayer']"
382,I������,27-09-2018,"['RPG', 'Strategy']"
195,Edna & Harvey: Harvey's New Eyes,26-08-2011,"['Adventure', 'RPG', 'Indie', 'Puzzle']"
25,Sacred Citadel,19-03-2013,"['Action', 'Adventure']"
486,Worms,01-01-1995,"['Action', 'Strategy', 'Arcade']"
615,RAGE 2,14-05-2019,"['Action', 'Shooter', 'Adventure', 'RPG']"
903,Worms Reloaded,26-08-2010,['Strategy']
679,Botanicula,18-04-2012,"['Adventure', 'Casual', 'Family', 'Indie', 'Puzzle']"
672,Lost Planet 3,26-08-2013,"['Action', 'Shooter']"
527,Cuisine Royale,15-06-2018,"['Action', 'Massively Multiplayer']"
647,Nosgoth,,"['Action', 'Shooter']"
148,Europa Universalis IV,13-08-2013,['Strategy']
955,Fistful of Frags,09-05-2014,"['Action', 'Indie']"
402,Not A Hero,13-05-2015,"['Action', 'Shooter', 'Adventure', 'Indie']"
734,Dead Rising,08-08-2006,['Action']
383,The Turing Test,30-08-2016,['Adventure']
341,The Whispered World Special Edition,06-05-2014,"['Adventure', 'RPG', 'Indie', 'Puzzle']"
453,Yet Another Zombie Defense,28-03-2014,"['Action', 'Strategy', 'Casual', 'Indie']"
